<?xml version="1.0" encoding="UTF-8"?>
<objects serializationModel="Studio.02.01.00">
	<object class="Event" id="{5d31bc49-c3a2-4a4c-aaf8-f6bde3ed50c9}">
		<property name="name">
			<value>Zoom In</value>
		</property>
		<property name="outputFormat">
			<value>2</value>
		</property>
		<relationship name="folder">
			<destination>{7809617d-bfe7-4b5d-95f7-8240abcfc15b}</destination>
		</relationship>
		<relationship name="mixer">
			<destination>{8ead8282-8783-49a2-91f4-31843864361c}</destination>
		</relationship>
		<relationship name="masterTrack">
			<destination>{05e768ea-af47-4a50-9474-0c6445d5948d}</destination>
		</relationship>
		<relationship name="mixerInput">
			<destination>{c3db082b-39e9-4c79-81a6-63fbba45f442}</destination>
		</relationship>
		<relationship name="automatableProperties">
			<destination>{bb223ad4-e131-46d5-aaa6-b3d39564caba}</destination>
		</relationship>
		<relationship name="markerTracks">
			<destination>{7e8e3983-af03-4651-b6bf-2a8781081b97}</destination>
		</relationship>
		<relationship name="groupTracks">
			<destination>{fcc7cfa1-3d36-4f57-963f-433cf4f648e0}</destination>
		</relationship>
		<relationship name="timeline">
			<destination>{c5517d75-72bb-49a1-b795-1d2d69ddf1f1}</destination>
		</relationship>
		<relationship name="banks">
			<destination>{544c74d0-40b8-4f31-a3eb-17cc229034a1}</destination>
		</relationship>
	</object>
	<object class="EventMixer" id="{8ead8282-8783-49a2-91f4-31843864361c}">
		<relationship name="masterBus">
			<destination>{67a67dd7-32d2-4b0f-9bc9-863723c39221}</destination>
		</relationship>
	</object>
	<object class="MasterTrack" id="{05e768ea-af47-4a50-9474-0c6445d5948d}">
		<relationship name="mixerGroup">
			<destination>{67a67dd7-32d2-4b0f-9bc9-863723c39221}</destination>
		</relationship>
	</object>
	<object class="MixerInput" id="{c3db082b-39e9-4c79-81a6-63fbba45f442}">
		<relationship name="effectChain">
			<destination>{29ecd8f9-cf3d-4bcd-a984-f591d4ce9a3b}</destination>
		</relationship>
		<relationship name="panner">
			<destination>{ea977420-1f3c-46c1-b64c-ba8cde721ab1}</destination>
		</relationship>
		<relationship name="output">
			<destination>{3e74a1f1-acf8-4505-8de4-32549d95eb89}</destination>
		</relationship>
	</object>
	<object class="EventAutomatableProperties" id="{bb223ad4-e131-46d5-aaa6-b3d39564caba}" />
	<object class="MarkerTrack" id="{7e8e3983-af03-4651-b6bf-2a8781081b97}" />
	<object class="GroupTrack" id="{fcc7cfa1-3d36-4f57-963f-433cf4f648e0}">
		<relationship name="modules">
			<destination>{cac54092-c906-4f34-9f86-33ae425b31f9}</destination>
		</relationship>
		<relationship name="mixerGroup">
			<destination>{0ae981f5-8c4b-47fd-b7dd-aa4bbd6f5c6b}</destination>
		</relationship>
	</object>
	<object class="Timeline" id="{c5517d75-72bb-49a1-b795-1d2d69ddf1f1}">
		<relationship name="modules">
			<destination>{cac54092-c906-4f34-9f86-33ae425b31f9}</destination>
		</relationship>
	</object>
	<object class="EventMixerMaster" id="{67a67dd7-32d2-4b0f-9bc9-863723c39221}">
		<relationship name="effectChain">
			<destination>{1a9d509e-62dd-4c89-b4f4-31d9805df21e}</destination>
		</relationship>
		<relationship name="panner">
			<destination>{85d1707a-dc18-454e-b43b-5e7668a62b76}</destination>
		</relationship>
		<relationship name="mixer">
			<destination>{8ead8282-8783-49a2-91f4-31843864361c}</destination>
		</relationship>
	</object>
	<object class="MixerBusEffectChain" id="{29ecd8f9-cf3d-4bcd-a984-f591d4ce9a3b}">
		<relationship name="effects">
			<destination>{60b2e08c-6fbb-4f71-aa55-0a0ed85e8511}</destination>
		</relationship>
	</object>
	<object class="MixerBusPanner" id="{ea977420-1f3c-46c1-b64c-ba8cde721ab1}" />
	<object class="SingleSound" id="{cac54092-c906-4f34-9f86-33ae425b31f9}">
		<property name="length">
			<value>1.2000000000000002</value>
		</property>
		<property name="timelockedOffset">
			<value>0.30000000000000004</value>
		</property>
		<property name="pitch">
			<value>1</value>
		</property>
		<relationship name="audioFile">
			<destination>{3ccb83ef-d613-4ed8-883b-3d09e7cc4c5a}</destination>
		</relationship>
	</object>
	<object class="EventMixerGroup" id="{0ae981f5-8c4b-47fd-b7dd-aa4bbd6f5c6b}">
		<property name="name">
			<value>Audio 1</value>
		</property>
		<relationship name="effectChain">
			<destination>{a6bd7afe-35be-48f3-aa62-92d7aa7b1d95}</destination>
		</relationship>
		<relationship name="panner">
			<destination>{8a75eee5-1257-47bb-80f9-38463b2981f3}</destination>
		</relationship>
		<relationship name="output">
			<destination>{67a67dd7-32d2-4b0f-9bc9-863723c39221}</destination>
		</relationship>
	</object>
	<object class="MixerBusEffectChain" id="{1a9d509e-62dd-4c89-b4f4-31d9805df21e}">
		<relationship name="effects">
			<destination>{be42a7fc-57cf-47af-9490-9b4fb28d2a16}</destination>
			<destination>{66dbb236-aea0-4603-8591-9caee6e70c3e}</destination>
		</relationship>
	</object>
	<object class="MixerBusPanner" id="{85d1707a-dc18-454e-b43b-5e7668a62b76}" />
	<object class="MixerBusFader" id="{60b2e08c-6fbb-4f71-aa55-0a0ed85e8511}" />
	<object class="MixerBusEffectChain" id="{a6bd7afe-35be-48f3-aa62-92d7aa7b1d95}">
		<relationship name="effects">
			<destination>{10e173f2-bea7-440c-9c11-5877c1174a84}</destination>
		</relationship>
	</object>
	<object class="MixerBusPanner" id="{8a75eee5-1257-47bb-80f9-38463b2981f3}" />
	<object class="MixerBusFader" id="{be42a7fc-57cf-47af-9490-9b4fb28d2a16}" />
	<object class="SpatialiserEffect" id="{66dbb236-aea0-4603-8591-9caee6e70c3e}" />
	<object class="MixerBusFader" id="{10e173f2-bea7-440c-9c11-5877c1174a84}" />
</objects>
