<?xml version="1.0" encoding="UTF-8"?>
<objects serializationModel="Studio.02.01.00">
	<object class="Event" id="{6e436fb9-313e-462d-8d57-2016ae3aec48}">
		<property name="name">
			<value>Zoom Out</value>
		</property>
		<property name="outputFormat">
			<value>2</value>
		</property>
		<relationship name="folder">
			<destination>{7809617d-bfe7-4b5d-95f7-8240abcfc15b}</destination>
		</relationship>
		<relationship name="mixer">
			<destination>{95e5cb86-9c18-4049-9f6f-26cf4a3fc6c1}</destination>
		</relationship>
		<relationship name="masterTrack">
			<destination>{2bf84711-ece1-4d33-838c-d0e57e7d2fb3}</destination>
		</relationship>
		<relationship name="mixerInput">
			<destination>{9204d497-1cec-4906-89ef-339854c8c6fb}</destination>
		</relationship>
		<relationship name="automatableProperties">
			<destination>{fd773117-759a-4ffc-90a6-ac890280fb87}</destination>
		</relationship>
		<relationship name="markerTracks">
			<destination>{fe6bec41-e5d1-4f48-b471-c52e830cb763}</destination>
		</relationship>
		<relationship name="groupTracks">
			<destination>{0e51e285-c75e-43c2-9ab0-df32b9f1c22d}</destination>
		</relationship>
		<relationship name="timeline">
			<destination>{aaeaf6db-8cdd-418f-b9f9-947e0c602a33}</destination>
		</relationship>
		<relationship name="banks">
			<destination>{544c74d0-40b8-4f31-a3eb-17cc229034a1}</destination>
		</relationship>
	</object>
	<object class="EventMixer" id="{95e5cb86-9c18-4049-9f6f-26cf4a3fc6c1}">
		<relationship name="masterBus">
			<destination>{860615f5-ff58-44df-a347-193ce84bef53}</destination>
		</relationship>
	</object>
	<object class="MasterTrack" id="{2bf84711-ece1-4d33-838c-d0e57e7d2fb3}">
		<relationship name="mixerGroup">
			<destination>{860615f5-ff58-44df-a347-193ce84bef53}</destination>
		</relationship>
	</object>
	<object class="MixerInput" id="{9204d497-1cec-4906-89ef-339854c8c6fb}">
		<relationship name="effectChain">
			<destination>{9b6ad2d3-6ff9-4bdd-9777-5ae914720f66}</destination>
		</relationship>
		<relationship name="panner">
			<destination>{87eb9989-d1d9-4667-a0e8-9ae5a183137d}</destination>
		</relationship>
		<relationship name="output">
			<destination>{3e74a1f1-acf8-4505-8de4-32549d95eb89}</destination>
		</relationship>
	</object>
	<object class="EventAutomatableProperties" id="{fd773117-759a-4ffc-90a6-ac890280fb87}" />
	<object class="MarkerTrack" id="{fe6bec41-e5d1-4f48-b471-c52e830cb763}" />
	<object class="GroupTrack" id="{0e51e285-c75e-43c2-9ab0-df32b9f1c22d}">
		<relationship name="modules">
			<destination>{a18052dc-bd1d-48d0-9f53-0b413f27db33}</destination>
		</relationship>
		<relationship name="mixerGroup">
			<destination>{cf466119-5407-4532-83ac-d2677680deb2}</destination>
		</relationship>
	</object>
	<object class="Timeline" id="{aaeaf6db-8cdd-418f-b9f9-947e0c602a33}">
		<relationship name="modules">
			<destination>{a18052dc-bd1d-48d0-9f53-0b413f27db33}</destination>
		</relationship>
	</object>
	<object class="EventMixerMaster" id="{860615f5-ff58-44df-a347-193ce84bef53}">
		<relationship name="effectChain">
			<destination>{5f341900-b841-48e2-b95a-146ac535d760}</destination>
		</relationship>
		<relationship name="panner">
			<destination>{73a95308-fad2-4d19-8ff0-6f72e7085c67}</destination>
		</relationship>
		<relationship name="mixer">
			<destination>{95e5cb86-9c18-4049-9f6f-26cf4a3fc6c1}</destination>
		</relationship>
	</object>
	<object class="MixerBusEffectChain" id="{9b6ad2d3-6ff9-4bdd-9777-5ae914720f66}">
		<relationship name="effects">
			<destination>{f9354f90-c214-465e-a5d1-26f1360c64d4}</destination>
		</relationship>
	</object>
	<object class="MixerBusPanner" id="{87eb9989-d1d9-4667-a0e8-9ae5a183137d}" />
	<object class="SingleSound" id="{a18052dc-bd1d-48d0-9f53-0b413f27db33}">
		<property name="length">
			<value>1.2000000000000002</value>
		</property>
		<property name="timelockedOffset">
			<value>0.30000000000000004</value>
		</property>
		<property name="pitch">
			<value>-1</value>
		</property>
		<relationship name="audioFile">
			<destination>{3ccb83ef-d613-4ed8-883b-3d09e7cc4c5a}</destination>
		</relationship>
	</object>
	<object class="EventMixerGroup" id="{cf466119-5407-4532-83ac-d2677680deb2}">
		<property name="name">
			<value>Audio 1</value>
		</property>
		<relationship name="effectChain">
			<destination>{e09b8458-3b0b-40b9-a2a6-9a885c54ee0c}</destination>
		</relationship>
		<relationship name="panner">
			<destination>{4016d420-46c5-4d17-b203-09654a5514c5}</destination>
		</relationship>
		<relationship name="output">
			<destination>{860615f5-ff58-44df-a347-193ce84bef53}</destination>
		</relationship>
	</object>
	<object class="MixerBusEffectChain" id="{5f341900-b841-48e2-b95a-146ac535d760}">
		<relationship name="effects">
			<destination>{5f2e4992-62a6-4881-9908-cfbcaec8e1ee}</destination>
			<destination>{bbe89fde-377e-4cf0-8d56-075dcb23f902}</destination>
		</relationship>
	</object>
	<object class="MixerBusPanner" id="{73a95308-fad2-4d19-8ff0-6f72e7085c67}" />
	<object class="MixerBusFader" id="{f9354f90-c214-465e-a5d1-26f1360c64d4}" />
	<object class="MixerBusEffectChain" id="{e09b8458-3b0b-40b9-a2a6-9a885c54ee0c}">
		<relationship name="effects">
			<destination>{7c8710cb-aec3-451c-aac5-df16c896c014}</destination>
		</relationship>
	</object>
	<object class="MixerBusPanner" id="{4016d420-46c5-4d17-b203-09654a5514c5}" />
	<object class="MixerBusFader" id="{5f2e4992-62a6-4881-9908-cfbcaec8e1ee}" />
	<object class="SpatialiserEffect" id="{bbe89fde-377e-4cf0-8d56-075dcb23f902}" />
	<object class="MixerBusFader" id="{7c8710cb-aec3-451c-aac5-df16c896c014}" />
</objects>
