<?xml version="1.0" encoding="UTF-8"?>
<objects serializationModel="Studio.02.01.00">
	<object class="Event" id="{eab01ba7-f4ad-4992-a885-f3a69b6850c0}">
		<property name="name">
			<value>Anotando</value>
		</property>
		<property name="outputFormat">
			<value>2</value>
		</property>
		<relationship name="folder">
			<destination>{7809617d-bfe7-4b5d-95f7-8240abcfc15b}</destination>
		</relationship>
		<relationship name="mixer">
			<destination>{a05817a5-a5a1-4083-8adb-12a06c233c39}</destination>
		</relationship>
		<relationship name="masterTrack">
			<destination>{6c3238b0-117e-44fe-8300-823bbcbfd919}</destination>
		</relationship>
		<relationship name="mixerInput">
			<destination>{9aef1517-4012-4b3f-aa1f-a0743f779a67}</destination>
		</relationship>
		<relationship name="automatableProperties">
			<destination>{e8214769-9d4c-43b8-b756-ee58c5524677}</destination>
		</relationship>
		<relationship name="markerTracks">
			<destination>{5bb8f417-28aa-4777-8270-8747b4e6b78c}</destination>
		</relationship>
		<relationship name="groupTracks">
			<destination>{86735928-66d0-4a93-9579-69448114bdd6}</destination>
		</relationship>
		<relationship name="timeline">
			<destination>{13fc0b86-1ebd-4d85-9ac7-ec26d10e750b}</destination>
		</relationship>
		<relationship name="banks">
			<destination>{9394f212-8af6-4adb-816f-5289e06576f7}</destination>
		</relationship>
	</object>
	<object class="EventMixer" id="{a05817a5-a5a1-4083-8adb-12a06c233c39}">
		<relationship name="masterBus">
			<destination>{55863526-64bd-4542-84bd-1145a956d6ae}</destination>
		</relationship>
	</object>
	<object class="MasterTrack" id="{6c3238b0-117e-44fe-8300-823bbcbfd919}">
		<relationship name="mixerGroup">
			<destination>{55863526-64bd-4542-84bd-1145a956d6ae}</destination>
		</relationship>
	</object>
	<object class="MixerInput" id="{9aef1517-4012-4b3f-aa1f-a0743f779a67}">
		<relationship name="effectChain">
			<destination>{b8352322-e0f1-47a2-b15d-54cbcd0f4b37}</destination>
		</relationship>
		<relationship name="panner">
			<destination>{488e5ee1-176d-40be-a4b4-7edb53d5e306}</destination>
		</relationship>
		<relationship name="output">
			<destination>{3e74a1f1-acf8-4505-8de4-32549d95eb89}</destination>
		</relationship>
	</object>
	<object class="EventAutomatableProperties" id="{e8214769-9d4c-43b8-b756-ee58c5524677}" />
	<object class="MarkerTrack" id="{5bb8f417-28aa-4777-8270-8747b4e6b78c}" />
	<object class="GroupTrack" id="{86735928-66d0-4a93-9579-69448114bdd6}">
		<relationship name="modules">
			<destination>{1a4669ab-36e5-4a71-9df8-c4d550f7daaa}</destination>
		</relationship>
		<relationship name="mixerGroup">
			<destination>{99afd7d1-3d62-4b8b-aa72-4ab1643d4df1}</destination>
		</relationship>
	</object>
	<object class="Timeline" id="{13fc0b86-1ebd-4d85-9ac7-ec26d10e750b}">
		<relationship name="modules">
			<destination>{1a4669ab-36e5-4a71-9df8-c4d550f7daaa}</destination>
		</relationship>
	</object>
	<object class="EventMixerMaster" id="{55863526-64bd-4542-84bd-1145a956d6ae}">
		<relationship name="effectChain">
			<destination>{2f7af62c-ac7b-4f0c-bad5-1ad1b1ddf30b}</destination>
		</relationship>
		<relationship name="panner">
			<destination>{1dacaa69-a280-4c85-a1da-6c5d59c91b8d}</destination>
		</relationship>
		<relationship name="mixer">
			<destination>{a05817a5-a5a1-4083-8adb-12a06c233c39}</destination>
		</relationship>
	</object>
	<object class="MixerBusEffectChain" id="{b8352322-e0f1-47a2-b15d-54cbcd0f4b37}">
		<relationship name="effects">
			<destination>{0e159ce1-8084-4a21-9c2b-a8d865614621}</destination>
		</relationship>
	</object>
	<object class="MixerBusPanner" id="{488e5ee1-176d-40be-a4b4-7edb53d5e306}" />
	<object class="SingleSound" id="{1a4669ab-36e5-4a71-9df8-c4d550f7daaa}">
		<property name="length">
			<value>2.3000000000000003</value>
		</property>
		<property name="timelockedOffset">
			<value>2</value>
		</property>
		<relationship name="audioFile">
			<destination>{c202ec60-7a3a-4195-8039-859640959bc0}</destination>
		</relationship>
	</object>
	<object class="EventMixerGroup" id="{99afd7d1-3d62-4b8b-aa72-4ab1643d4df1}">
		<property name="name">
			<value>Audio 1</value>
		</property>
		<relationship name="effectChain">
			<destination>{8b648c1d-0f48-4a02-91a0-dfd2483d5fb3}</destination>
		</relationship>
		<relationship name="panner">
			<destination>{652afc1e-69be-4285-9af2-ba3eae15b1b4}</destination>
		</relationship>
		<relationship name="output">
			<destination>{55863526-64bd-4542-84bd-1145a956d6ae}</destination>
		</relationship>
	</object>
	<object class="MixerBusEffectChain" id="{2f7af62c-ac7b-4f0c-bad5-1ad1b1ddf30b}">
		<relationship name="effects">
			<destination>{8178e796-e0c8-4b3d-a352-f2d795b9c0c6}</destination>
			<destination>{72236014-b6d2-4188-8cbf-fdc5cb5f0f24}</destination>
		</relationship>
	</object>
	<object class="MixerBusPanner" id="{1dacaa69-a280-4c85-a1da-6c5d59c91b8d}" />
	<object class="MixerBusFader" id="{0e159ce1-8084-4a21-9c2b-a8d865614621}" />
	<object class="MixerBusEffectChain" id="{8b648c1d-0f48-4a02-91a0-dfd2483d5fb3}">
		<relationship name="effects">
			<destination>{d4051172-57d6-4772-b717-89910b105abe}</destination>
		</relationship>
	</object>
	<object class="MixerBusPanner" id="{652afc1e-69be-4285-9af2-ba3eae15b1b4}" />
	<object class="MixerBusFader" id="{8178e796-e0c8-4b3d-a352-f2d795b9c0c6}" />
	<object class="SpatialiserEffect" id="{72236014-b6d2-4188-8cbf-fdc5cb5f0f24}" />
	<object class="MixerBusFader" id="{d4051172-57d6-4772-b717-89910b105abe}" />
</objects>
