<?xml version="1.0" encoding="UTF-8"?>
<objects serializationModel="Studio.02.01.00">
	<object class="AudioFile" id="{2a3ed066-2a96-49cf-a37e-528ac4431b37}">
		<property name="assetPath">
			<value>265312__greekirish__taking-a-picture-with-a-nikon-camera.wav</value>
		</property>
		<property name="isStreaming">
			<value>true</value>
		</property>
		<property name="frequencyInKHz">
			<value>44.0999985</value>
		</property>
		<property name="channelCount">
			<value>2</value>
		</property>
		<property name="length">
			<value>12.330362811791383</value>
		</property>
		<relationship name="masterAssetFolder">
			<destination>{b5a735b0-a6c9-4a90-b911-884efe469668}</destination>
		</relationship>
	</object>
</objects>
