<?xml version="1.0" encoding="UTF-8"?>
<objects serializationModel="Studio.02.01.00">
	<object class="AudioFile" id="{7208c2f6-0d05-4b8b-94d9-acff298d975b}">
		<property name="assetPath">
			<value>Gato Mia 3.mp3</value>
		</property>
		<property name="frequencyInKHz">
			<value>44.0999985</value>
		</property>
		<property name="channelCount">
			<value>2</value>
		</property>
		<property name="length">
			<value>3.030204081632653</value>
		</property>
		<relationship name="masterAssetFolder">
			<destination>{b5a735b0-a6c9-4a90-b911-884efe469668}</destination>
		</relationship>
	</object>
</objects>
