<?xml version="1.0" encoding="UTF-8"?>
<objects serializationModel="Studio.02.01.00">
	<object class="AudioFile" id="{8bed5e6d-c7d4-4285-94e3-41e84dca0d06}">
		<property name="assetPath">
			<value>409101__kash15__gasping-sounds.wav</value>
		</property>
		<property name="isStreaming">
			<value>true</value>
		</property>
		<property name="frequencyInKHz">
			<value>48</value>
		</property>
		<property name="channelCount">
			<value>2</value>
		</property>
		<property name="length">
			<value>29.212729166666666</value>
		</property>
		<relationship name="masterAssetFolder">
			<destination>{b5a735b0-a6c9-4a90-b911-884efe469668}</destination>
		</relationship>
	</object>
</objects>
