<?xml version="1.0" encoding="UTF-8"?>
<objects serializationModel="Studio.02.01.00">
	<object class="AudioFile" id="{969af975-95e8-4369-9595-329e042abab3}">
		<property name="assetPath">
			<value>TelefoneTocando.wav</value>
		</property>
		<property name="isStreaming">
			<value>true</value>
		</property>
		<property name="frequencyInKHz">
			<value>48</value>
		</property>
		<property name="channelCount">
			<value>2</value>
		</property>
		<property name="length">
			<value>27.482645833333333</value>
		</property>
		<relationship name="masterAssetFolder">
			<destination>{b5a735b0-a6c9-4a90-b911-884efe469668}</destination>
		</relationship>
	</object>
</objects>
