<?xml version="1.0" encoding="UTF-8"?>
<objects serializationModel="Studio.02.01.00">
	<object class="AudioFile" id="{baf3e832-9fc4-436e-bdbb-ec9b07990124}">
		<property name="assetPath">
			<value>Telefone Patricinha.wav</value>
		</property>
		<property name="isStreaming">
			<value>true</value>
		</property>
		<property name="frequencyInKHz">
			<value>48</value>
		</property>
		<property name="channelCount">
			<value>2</value>
		</property>
		<property name="length">
			<value>10.082875</value>
		</property>
		<relationship name="masterAssetFolder">
			<destination>{b5a735b0-a6c9-4a90-b911-884efe469668}</destination>
		</relationship>
	</object>
</objects>
