<?xml version="1.0" encoding="UTF-8"?>
<objects serializationModel="Studio.02.01.00">
	<object class="EncodingSetting" id="{65e8cae8-74b4-47d1-abee-0b87c263541b}">
		<property name="encodingFormat">
			<value>3</value>
		</property>
		<property name="quality">
			<value>37</value>
		</property>
		<relationship name="platform">
			<destination>{6e28a8ea-4dae-49cc-b240-e0501bdf03ee}</destination>
		</relationship>
		<relationship name="encodable">
			<destination>{6e28a8ea-4dae-49cc-b240-e0501bdf03ee}</destination>
		</relationship>
	</object>
</objects>
